date,asset_0,asset_1,asset_2
2020-01-02,0.016726126849636352,0.013426639354799227,-0.013282959142191797
2020-01-03,-0.0054152515106151424,-0.02995902115272446,-0.0030684029547047775
2020-01-06,0.007182237960210185,0.004744288123389468,-5.1783951543353486e-05
2020-01-07,0.007744074529719048,0.001318724758964297,0.008315554164785502
2020-01-08,-0.00044978512607190803,0.0022819001164727315,0.001391668506197905
2020-01-09,0.00021807813051001696,0.014791966330521308,0.00475969037348143
2020-01-10,-0.010269079198058704,0.01004970400759614,-0.009507041586536185
2020-01-13,-0.007553514284105578,-0.011004285424519762,-0.003715649406075433
2020-01-14,0.014751283195103012,-0.021975565980229768,0.0002196389075325016
2020-01-15,-0.02494581732206332,-0.01884415496172,-0.006888554309511717
2020-01-16,0.02165796314600792,0.016329400626241577,0.016133042119174986
2020-01-17,-0.021367092666642544,-0.01632879678780912,-0.0004634290340763402
2020-01-20,-0.0010518753052600185,0.01322240175678993,0.0039318472007959454
2020-01-21,-0.0036547928617374575,-0.017840450132423656,-0.006557412506053627
2020-01-22,0.020191162124423786,0.009075054821117244,0.013592337687586064
2020-01-23,0.01790509449922801,-0.025443017020058672,0.0006702136359699975
2020-01-24,0.0017363759195248248,-0.06465566186312723,0.021402510617293497
2020-01-27,-0.01736347682603154,-0.011344906771265479,0.0039495368088829546
2020-01-28,0.005287006454408355,0.00898136518935483,-0.001318532644022775
2020-01-29,0.012280554018749076,-0.012133982263077043,0.00018089765118358726
2020-01-30,0.003081319447229504,0.024271493662501382,-0.010063344677998942
2020-01-31,0.00026479137666285293,0.0336699574324533,0.011081658324400745
2020-02-03,0.012656502683809072,0.009874757697310372,-0.007803195154618826
2020-02-04,-0.01590316269869868,0.00608703984557347,-0.01374442360358258
2020-02-05,-0.030352596330629304,-0.039212912048957056,0.0018452321974643654
2020-02-06,-0.003138707618146303,-0.007827784502408532,-0.007250818095992333
2020-02-07,-0.018739026400531076,-0.022488883530667997,0.009522546526662175
2020-02-10,0.006017150861106392,0.01431834241008817,0.006274653336536536
2020-02-11,-0.012947151124073315,-0.0005104786493381995,-0.011777748432917906
2020-02-12,-0.008559046353132831,0.009200992776602869,0.002918429518245536
2020-02-13,-0.018089898021184138,-0.0014558123846363418,-0.025324164684980888
2020-02-14,0.006410936901463123,0.02573251226585912,0.02155040443761147
2020-02-17,0.010085603291786944,0.0059310767571667915,-0.007017686758642021
2020-02-18,-0.008987212527753252,0.031063630225183828,-0.00582694691056462
2020-02-19,-0.016868586725310317,-0.015063492488285604,0.008459407330971678
2020-02-20,-0.003657171224374487,-0.0028250321244459625,0.004048559291430517
2020-02-21,0.009856756293857762,-0.01545131728215085,-0.0030655243063747463
2020-02-24,0.024998625690752854,0.04363726961975401,0.001051195849829974
2020-02-25,0.020787705209802648,-0.008451849110532879,-0.002193244832389623
2020-02-26,0.0008864203948870948,-0.01900538652129589,0.006355422756525017
2020-02-27,-0.012239188648628201,-0.01900722965426764,-0.010459233707389904
2020-02-28,-0.007127055705339233,-0.0225611115241708,0.012788879220544457
2020-03-02,0.015293058888035673,-0.012383055793004999,0.004171229764974209
2020-03-03,-0.005912208777422514,0.03113734196544445,-0.015460763225191363
2020-03-04,-0.02011780454635839,-0.00774394008168058,-0.012031997039463354
2020-03-05,-0.01726054676897444,-0.04358044295410968,0.014163463649044757
2020-03-06,-0.019816213634050724,0.03355049689360408,0.005308563981901977
2020-03-09,0.013736343949415695,0.027447678546392695,0.00599077330903331
2020-03-10,0.019081977645642158,0.01141513103038482,0.022664158950174207
2020-03-11,-0.00576174586437212,-0.009861724376876574,0.00036952515689664053
2020-03-12,0.008613855707806555,0.022831623382265742,0.0009833792158147284
2020-03-13,0.021622280911906922,0.011597623143520227,-0.006447958951447002
2020-03-16,-0.01926668053024096,0.021497944159853007,-0.004000511492501793
2020-03-17,-0.010643349935276443,-0.015453236744620222,0.026376940492074168
2020-03-18,-0.02695601726183715,-0.011087586959272039,0.01698437871394601
2020-03-19,0.0141166656696059,0.014466417571246205,0.012317185210500473
2020-03-20,0.021046950250500504,0.010238010618702345,0.01143636002302906
2020-03-23,-0.016157484177110593,-0.006169572722961406,0.007211951782802025
2020-03-24,-0.014033124766078636,0.02736178427616851,0.007105554642668408
2020-03-25,-0.0019234620997756217,0.009588009971359366,0.01815402184369427
2020-03-26,-0.007784170795287296,-0.024157092849406852,0.009387070286302044
2020-03-27,0.010687567057655696,0.011148923349188381,0.014874079376509534
2020-03-30,0.004319222159174229,-0.015106732113167804,-0.035114788089479966
2020-03-31,-0.0024468253061011866,-0.011061481507363427,-0.0039023954808967798
2020-04-01,-0.005025157622995431,-0.01579201603342327,0.0011795781938868492
2020-04-02,-0.0014008189186877802,0.03706092248345212,0.0008541445564421127
2020-04-03,0.00042312791653515276,-0.0016087034436693365,0.002050093609441961
2020-04-06,-0.003691824567100799,-0.007531543497396728,0.0007048079983219832
2020-04-07,0.008874586972610527,-0.009669807515772514,-0.0009301419440710755
2020-04-08,-0.001119048254577852,-0.01797864914695311,0.0018891182561433313
2020-04-09,0.005412214696486381,0.008185830923493113,0.010467005481783158
2020-04-10,0.010786308836039944,0.02092355328785721,0.0036953030384942634
2020-04-13,0.0058462245835837106,0.015651949018630016,-0.014290833292081865
2020-04-14,-0.0022916064081087996,0.029582119217127133,-0.009002688505483221
2020-04-15,-0.0010242270394563403,0.014381386054735039,0.002503807040784676
2020-04-16,-0.0025441189039172103,0.007578892848402071,-0.008728215539014702
2020-04-17,0.009747702684929888,0.02322758844119155,0.0003069740702074008
2020-04-20,-0.004898155206318906,-0.038092321650020126,0.015584372513547856
2020-04-21,-0.033386542970796095,-0.03271804913898675,-0.004318637090086931
2020-04-22,-0.009487386211794303,-0.01548805216089481,0.018832374616684563
2020-04-23,-0.01603244351566926,-0.053244870185211256,0.0037725739816888634
2020-04-24,-0.002595720837737205,0.028485663538400943,0.004274169317765067
2020-04-27,-0.011580084846497887,0.008960534967784914,-0.006385372336373915
2020-04-28,0.006551170404627978,-0.011474992073777454,0.0023771680112881803
2020-04-29,0.0023263640719301194,0.005753857708741575,0.002397725878230199
2020-04-30,0.01178987530524912,0.019732916648867754,0.02568725256463439
2020-05-01,-0.021815846500920697,-0.007438624316162748,-0.007197082132249814
2020-05-04,-0.003401246813345986,0.04462714462159222,0.002479651244559762
2020-05-05,0.00013755999824577005,0.0014679894233490674,-0.021074703986249027
2020-05-06,0.013696788690898928,0.02411087250000116,0.004319190490394992
2020-05-07,0.010044284880053905,-0.02108379350374339,0.0020613024260797944
2020-05-08,-0.003660855460415871,-0.008088093314988628,-0.0058683606810874984
2020-05-11,0.015653267885578952,-0.000475407972125157,-0.004018012792219039
2020-05-12,0.004066737220372086,-0.02932342937072346,0.004003203403601051
2020-05-13,-0.024112652962716297,0.00443645176412371,0.014039115381544676
2020-05-14,-0.007310432967496041,-0.019248338198623437,-0.0009917204070891234
2020-05-15,-0.011248556857281253,-0.0045678079653576585,-0.0012444629700037095
2020-05-18,0.016229768739951526,0.015269307664072739,-0.0012743198976012406
2020-05-19,-0.010140450601099044,-0.015965614717407862,-0.00020112562358381804
2020-05-20,-0.02036717652282086,-0.06068554488984248,-0.0013752579871454966
2020-05-21,-0.014043755090915322,0.005786184878860167,0.005064481035773669
2020-05-22,-0.01983349773719849,-0.029767999738778098,0.011072515883775919
2020-05-25,-0.013742442914197761,0.011717873450826645,-0.012787621836468607
2020-05-26,0.005355162291791025,0.022686910369113515,0.0070957327704346896
2020-05-27,0.007554284217170931,0.018943360831815043,0.0038934665415109246
2020-05-28,-0.0020307354791513203,0.01951075741832083,-0.0011160738180598958
2020-05-29,-0.011117510722353877,-0.013533270128566921,-0.011076027143404027
2020-06-01,0.006407799892102018,0.0013716840450916797,-0.002927660533108489
2020-06-02,0.004980348905562483,0.007551066151003196,-0.00939711742111975
2020-06-03,-0.008999510836216163,0.007800259504962383,0.012003782927028696
2020-06-04,0.00835638985886397,0.008255849017896501,0.006738079754959172
2020-06-05,8.643926900272613e-05,0.02843289288975293,-0.006243906899812441
2020-06-08,-0.009192686012937767,-0.009595278420184511,-0.009599574193934955
2020-06-09,0.022482517798547846,0.05868091356691974,0.008411466959389375
2020-06-10,0.0015482372082482334,-0.010538372816193646,-0.0019152063919919563
2020-06-11,0.011120705292957238,0.0003759930474177306,0.0031464582748834775
2020-06-12,0.03565156826108949,0.038848376017389434,0.0009133118112569305
2020-06-15,0.0014781963804884604,-0.03457709287436226,0.010665811474054068
2020-06-16,0.013978053739820678,-0.027428089713175008,-0.0036689941121780196
2020-06-17,0.0036892023582070057,-0.006213753912028327,-0.007811169279214687
2020-06-18,-0.021620184546666078,-0.03560105564131574,-0.01363105558919889
2020-06-19,0.01006554624304955,-0.010483226215928806,-0.0012740762241440489
2020-06-22,0.015867188820841274,0.008563375755428197,-0.00854434338738818
2020-06-23,0.0008517106432749128,0.019598316953328497,-0.005245959891670782
2020-06-24,0.01663722428326365,-0.0060458723749167494,0.016332081039027852
2020-06-25,-0.005108373973419416,0.0017606652651053062,0.006781250964561128
2020-06-26,0.00029334387875229055,-0.011707838825059548,0.014953338184923719
2020-06-29,-0.012275011586036225,0.03189407868566788,-0.007131338049851044
2020-06-30,0.004507114696876652,-0.0028968712469774767,-0.003973736439686456
2020-07-01,0.005881796741065516,0.002361445402143202,0.00849206194984175
2020-07-02,-0.027636173825677096,-0.014572931294397544,-0.026701693725336585
2020-07-03,-0.010106017505257156,-0.03045628922963409,0.006072076747858026
2020-07-06,-0.002339043331520244,0.008623815544832906,0.0006134689133938625
2020-07-07,-0.002028354026023722,0.026114098368347653,-0.013669681349403343
2020-07-08,-0.00022589633066763022,-0.004193094316244681,0.01698864449222083
2020-07-09,-0.004358678107060274,-0.008216729180423366,0.0159710187536341
2020-07-10,6.117372472465445e-05,0.0202613337500318,-0.006654335447576337
2020-07-13,0.022335539760762618,-0.008600100430254186,0.006067065011330143
2020-07-14,-0.018223800733929076,-0.021898294336694782,-0.0007949232204835058
2020-07-15,-0.0033986833865458812,-0.015036128687822193,0.007318080318003625
2020-07-16,0.017681916386198905,0.006596524112398848,0.016667326628605685
2020-07-17,0.015613847028604754,0.010726987755641815,-0.005220447110466564
2020-07-20,-0.01453897070974766,0.005305775075401668,0.0011950294857675005
2020-07-21,-0.01546307489000438,-0.06403291834733048,0.005492899641721504
2020-07-22,0.00840568844267523,0.01655305907988823,0.014361759736602876
2020-07-23,0.008340900523975075,0.0005514746128924446,-0.013752182259764507
2020-07-24,-0.016466785225599193,0.027901876972991558,0.011048355965983766
2020-07-27,0.003753942182914429,-0.012576618282827495,0.00036787135534595695
2020-07-28,0.017950161771993812,0.027352238588039188,-0.0009548419321318793
2020-07-29,0.00958016835873514,0.018958532145697007,0.00379735350669832
2020-07-30,-0.002137326828297601,0.007533398584867524,-0.011234073481450309
2020-07-31,0.017879642531173752,-0.0070341249823533195,-0.008525462046684477
2020-08-03,0.005452307508471363,0.013938038771590198,-0.0002442199480711855
2020-08-04,0.023443241624409986,0.0018990523040301713,0.013399430922658743
2020-08-05,-0.008323892047431709,0.029398208090102344,-0.006907705391980578
2020-08-06,-0.0035323536694680437,-0.03035574012614863,-0.02277219130955912
2020-08-07,0.010717577825396342,0.02699092173596554,0.013419953583168309
2020-08-10,-0.0032357352105203997,-0.0024016248809106216,0.00981399091327291
2020-08-11,-0.01956497924054274,-0.019864683069510485,-0.0020051918394971228
2020-08-12,-0.0033192877393478895,0.02500899506231979,0.0030799337861440418
2020-08-13,0.01423461699784994,0.02720853339684502,0.0071886819932191195
2020-08-14,-0.02032752434547836,-0.009766100059151977,-0.0035511890075568616
2020-08-17,0.018702917806141372,-0.0054057892959090935,0.00041694563434948456
2020-08-18,0.018619416930020918,0.018745937799212527,-0.002342832285898785
2020-08-19,0.019893200881942616,0.020850717158487554,0.01104634087985154
2020-08-20,0.02425119809260966,0.06472899294596397,-0.005653168455780003
2020-08-21,0.0016284430332685735,-0.018574706474103492,0.02279072058978733
2020-08-24,-0.01308159696174556,-0.007925929025236929,-0.016074252620486635
2020-08-25,0.009662638292612703,0.01697982905271487,0.015655399614994764
2020-08-26,0.021037160107995237,0.03474853391091786,0.01562858952363099
2020-08-27,0.027319709401750172,-0.022489173301545855,0.017919729461225293
2020-08-28,0.007935960618854676,-0.00368164367883508,-0.0019966045672291984
2020-08-31,0.010761359077509788,0.020097496568623432,0.014759579863245016
2020-09-01,0.01294644308869827,-0.00010751101849328516,0.0014794415024595971
2020-09-02,-0.014652950795106411,-0.031778017315540794,0.001715931880676879
2020-09-03,-0.019460194820148494,-0.0071813725980538565,-0.00907062705649796
2020-09-04,-0.021380481947606944,-0.03436633281221045,0.007979925710606428
2020-09-07,-0.028329272580763176,-0.006418991983773579,-0.0036688390012250176
2020-09-08,0.01453733224213588,0.019848236936000303,0.0004059916885237057
2020-09-09,-0.0013938984865609074,0.0005955584171566817,0.0019515588178814314
2020-09-10,-0.005213764076008712,0.015747038138970982,-0.013247481322601437
2020-09-11,0.00791187027048865,-0.026193236569761323,0.00732959721361665
2020-09-14,0.006820862956567211,-0.021703555206442366,-0.009578014885267933
2020-09-15,0.023939551112150428,0.03578512961329772,-0.011819235719360763
2020-09-16,-0.009450256111050279,0.013254652496432227,-0.010874471678987745
2020-09-17,0.01473289725515064,0.011844059822078716,-0.0013357473736533114
2020-09-18,0.0012379473582829258,0.024049357824058995,0.02904254198423949
2020-09-21,-0.02367823025511313,0.0013948103286029424,-0.008553631460869082
2020-09-22,-0.02648427500369437,-0.049220558865749,0.005675679027631179
2020-09-23,-0.0020132849710621354,-0.026613671164034625,0.011664743081874098
2020-09-24,-0.003134067751012547,-0.0041259635658352604,-0.0037108239010246965
2020-09-25,0.007857925536229132,-0.00481431877287045,-0.00935683235081195
2020-09-28,0.0021986651104300026,0.006182051596642835,0.0016594572412659335
2020-09-29,0.011527861702441149,0.0021220910522972503,0.0035161027684417943
2020-09-30,-0.0055834065186168135,0.0138683417061893,-0.010918788451823166
2020-10-01,0.006466440687124442,-0.005719300621296363,-0.01757696842719079
2020-10-02,-0.012055498626145317,-0.014091512977323117,-0.012938440417046063
2020-10-05,0.0038287863222861047,-0.027572436464864757,-0.0037682969374688044
2020-10-06,-0.011180310059941101,0.014324358316743913,0.002918977360367392
2020-10-07,-0.01726062106348013,-0.013809937464610383,0.008172086861506826
2020-10-08,-0.011964381935664518,-0.016134559863411085,0.0036627774565236547
2020-10-09,0.012364677214595922,0.03392934832785062,0.0053668628619049814
2020-10-12,0.01950166147903087,-0.010020298262878279,0.01169888212386852
2020-10-13,-0.015467694058989592,0.0003906796735825806,-0.008022590172518145
2020-10-14,0.03219157001717513,0.0028769629809329814,0.008584936492154827
2020-10-15,0.008893861659639074,-0.007884146575047156,0.010815427402684739
2020-10-16,0.01734623203103341,0.02470878327918804,0.012607012427810068
2020-10-19,0.006244360463680922,0.0015920582718856162,0.003548080995203154
2020-10-20,0.007696698446847652,0.030206620091055285,0.0014047481686849978
2020-10-21,0.007641869232667421,0.00950668749739634,0.012669678495183146
2020-10-22,-0.010608368954865537,-0.0020122822919601915,0.009770428834765785
2020-10-23,0.0051924962709644674,-0.004464462163669232,-0.005262739684731174
2020-10-26,0.00960090647256363,-0.00018819050032700408,0.011475464437519314
2020-10-27,0.00148784394298743,0.004174660395497512,0.002428540325092763
2020-10-28,0.009109726435584307,0.01933264064867117,-0.0027042527016195974
2020-10-29,0.015301991505059648,0.02631577315233981,0.003039258955089166
2020-10-30,0.0065311956413809215,0.03288746255196094,-0.00032850953511048386
2020-11-02,0.028261010314269565,0.05539030617731582,0.01047724393536687
2020-11-03,-0.006614256948564923,-0.009650971558044955,-0.016322081451046737
2020-11-04,-0.020911569250700302,-0.003990790376039064,-0.0025427021534077613
2020-11-05,-0.0042976549033632945,0.019070732643469656,0.00010176930406548332
2020-11-06,-0.010829634339677282,-0.02043357879255558,-0.005391249495674567
2020-11-09,0.024048443293729866,0.028663840573873067,0.008579600309501795
2020-11-10,0.021194350291952286,-0.002112018109688439,-0.007147662050176281
2020-11-11,0.0061440651099981345,0.010030922844656663,-0.0010959465263602017
2020-11-12,0.026669475526540705,0.04558327027256197,0.007474456225745357
2020-11-13,0.011588464691569409,-0.02993089470501938,0.0047909157623737195
2020-11-16,-0.001350014146847161,-0.008158256241968491,0.0018049657902217116
2020-11-17,0.00151519078737419,0.0017526285444605639,0.012002112651123914
2020-11-18,0.02519830329644015,0.0070457554138232,0.014842712255068016
2020-11-19,-0.024536829816928847,0.006611762437243578,-0.010270798919741203
2020-11-20,0.011791783426075458,0.01679806588971308,0.013383776024755621
2020-11-23,-0.011776400622944163,-0.020818444358040786,-0.004012979422662077
2020-11-24,-0.02283523387410069,0.0029825676501267764,-0.013634259907026979
2020-11-25,0.012131744332217632,0.00793136952223637,-0.00019916929661163807
2020-11-26,-0.011475105954290188,-0.012324341742668976,0.004962163639923082
2020-11-27,-0.008383945889590854,-0.049995543574124,0.009596736929509991
2020-11-30,-0.011266499995243777,-0.02005458730130194,-0.010903157917858048
2020-12-01,0.005056219089907852,0.016601107395575538,0.01594101683365211
2020-12-02,0.016112149647664272,0.011355129724148788,-0.006823563921612168
2020-12-03,0.02253571773742808,0.018991326118467655,0.0009201616193602578
2020-12-04,0.026202331075343362,0.003825086547297529,0.011029296748383079
2020-12-07,-0.0029342936797723627,0.002814297179413996,0.002937102342856838
2020-12-08,0.0037505164102418363,0.014455261271926863,0.011645245901185496
2020-12-09,-0.017738423192876253,0.01895296397126105,-0.01487819310204627
2020-12-10,0.0029129166177153955,-0.02005440861602271,0.006252065029590051
2020-12-11,-0.02765688644966741,-0.020754416569807633,0.003323277341573775
2020-12-14,0.01497954499144842,-0.008764703433738525,-0.022285626931423032
2020-12-15,-0.01234589444189897,-0.016852091519954947,0.015567551697460873
2020-12-16,-0.008174916538817955,0.0015900574048284466,-0.011413511033601756
2020-12-17,0.0017868814543170514,-0.009314298234381096,-0.004999730611724756
2020-12-18,0.026056751400472384,0.012887492834758388,0.007264122337197091
2020-12-21,-0.009112923920322799,0.005451929774234157,0.010239744099737123
2020-12-22,-0.01984781449330074,-0.015609565679881202,-0.007605495231992389
2020-12-23,0.02564303403325716,0.00866526572972661,0.014276854533359709
2020-12-24,-0.002238045911718105,0.008004359150784717,0.004179665032970053
2020-12-25,0.021024712715921046,-0.0034868678606735652,-0.000635888089034297
2020-12-28,0.027228923421023274,0.016553617594913195,0.00560047831846383
2020-12-29,0.00044102158435312366,-0.03231460155941991,-0.011358692783270126
2020-12-30,0.007300254016303762,0.011858751844323294,7.292723589987567e-06
2020-12-31,-0.008202385262058827,-0.00212928883196164,-0.003911052021124431
2021-01-01,0.006826517157898854,-0.026336558550332165,-0.0034450139728359748
2021-01-04,0.005969905216120597,0.004876164445253494,-0.011498214616195435
2021-01-05,-0.004687759818627987,-0.020282329168936648,0.004821394287801639
2021-01-06,0.0065777455403502865,-0.0014530751518965902,0.012571428993579874
2021-01-07,-0.013382448869023657,-0.020753087877561995,-0.0003693634311102952
2021-01-08,-0.002601310776053137,0.01026826162015189,0.008311726743592427
2021-01-11,-0.003760622898045569,0.0006248175203268562,0.004651072307208226
2021-01-12,-0.011027755682262136,-0.008684391529376136,-0.010308299970449152
2021-01-13,-0.00041392114264038646,-0.01614349435403124,-0.0011367024898363844
2021-01-14,-0.005085571617200569,-0.02311923488572674,-0.01997537349045732
2021-01-15,-0.010678949876581464,0.024330815653343937,0.005817973359658278
2021-01-18,0.004855203843221178,-0.011186966869242818,-0.020686282906787173
2021-01-19,0.018875325276440227,0.028757594392704384,-0.012251671515935973
2021-01-20,-0.008969191256727344,-0.017184515785843405,-0.0038206495792440652
2021-01-21,-0.004760252421396594,0.006179378030612744,-0.012775185842011311
2021-01-22,0.016919794794185473,0.03719750642569049,0.008540982509611444
2021-01-25,0.003067234670205808,0.006045900928119534,-0.008589789700487759
2021-01-26,-0.0222292007041651,0.008072212439191878,-0.020512794822287458
2021-01-27,0.0007537711763213903,0.016016319764102317,0.0015506022999971685
2021-01-28,-0.0006581095871061977,0.004090775708247851,0.012169195644007785
2021-01-29,-0.010462494109934153,-0.02867529316643833,0.010419268207927131
2021-02-01,-0.007319295073720793,-0.03559910662346258,-0.014657159224701939
2021-02-02,-0.02529905711813541,-0.012524714511176703,0.009628293987210622
2021-02-03,-0.017043166187431447,-0.030616348680440945,-0.01585509497833286
2021-02-04,0.001692182839075106,0.014847257921943524,0.012764648871773619
2021-02-05,0.027763898311366973,0.01844267668779301,-0.010947030717935308
2021-02-08,-0.012301742378035992,-0.022447387785710208,-0.0013400943814549228
2021-02-09,0.009241309174454445,-0.0022179406917957312,0.007695396117383169
2021-02-10,-0.029729895104239505,-0.023102374838843233,-0.01945557306739569
2021-02-11,0.025856738103441156,0.021664124515356882,-0.008054676825689002
2021-02-12,-0.025729584546842005,-0.04614344155467092,0.005181503046766078
2021-02-15,0.009141799435067845,0.018434892635735584,0.008862513052732932
2021-02-16,-0.0007009415403008308,0.01621006801905712,0.01451178431113304
2021-02-17,-0.012662878437371565,-0.02586168552043271,0.01666887574855552
2021-02-18,0.022730767061085722,0.03623429999404425,0.0029590915152231992
2021-02-19,-0.006129500353784818,-0.03217293429366842,0.011581851026663861
2021-02-22,0.007688328198446686,0.009632674600796061,0.013472214570695593
2021-02-23,-0.018502151288482392,-0.019966071423761892,-0.01292115531850724
2021-02-24,0.009599601749461112,-0.011287911987501193,0.010952730614308091
2021-02-25,-0.030745976556163786,-0.015789554051845376,-0.01393062035949176
2021-02-26,0.004913648532709429,-0.011623611563661259,-0.016320151133222778
2021-03-01,-0.00492845232854062,-0.022817701858211456,-0.005107020839830852
2021-03-02,-0.026055043792355233,-0.013681188595967871,-0.01461660631136232
2021-03-03,-0.0034411641541053006,-0.018664030682593886,-0.002336301646080444
2021-03-04,-0.0035232245217305252,0.005198871117920683,0.007118641675748508
2021-03-05,0.01711492949478762,0.00157245091809126,-0.014281257842925886
2021-03-08,0.011097404499855074,-0.03588887091316837,0.011942936256096593
2021-03-09,-0.006531025201554152,0.005410445195256996,0.004205748366551398
2021-03-10,0.005794216045671153,0.01617080498563557,-0.02019290126641444
2021-03-11,-0.003953953785443149,-0.002763812203125351,-0.003697325083913742
2021-03-12,-0.007235335960908066,0.0044156743759357145,-0.0011970124824485407
2021-03-15,0.01029311012495104,0.02176559484900371,-6.066460982029692e-05
2021-03-16,0.006480124062409573,0.03952823625930408,-0.005898952320233079
2021-03-17,0.009563542681528807,0.009730503683555465,-0.0008150101979299155
2021-03-18,0.005824285849262515,0.0021847829032004707,-0.023932617398481997
2021-03-19,-0.006211901498964022,0.007264254385047292,-0.004487753710368377
2021-03-22,0.014112705365908135,0.011752085397363572,0.004507825451026949
2021-03-23,0.0033737869721848462,-0.017626502432850265,-0.0031368363610367535
2021-03-24,-0.001345584259932418,-0.01703031684367913,-0.010037516372745497
2021-03-25,-0.002059817976301903,0.002957920551551136,0.011926619198475394
2021-03-26,0.016359683784262505,-0.0006951477467738547,0.014479062351442903
2021-03-29,0.007906500798618737,0.04708544261871444,0.006109616916165804
2021-03-30,0.013824385227079145,0.026802973903555734,0.017864054151994116
2021-03-31,0.012077615617518475,-0.001061851252949419,0.01839623469727206
2021-04-01,-8.139178145049632e-05,0.0018663561020332228,0.0017720408879665541
2021-04-02,-0.01860297377202349,0.00012322158892741976,-0.008829367530410324
2021-04-05,0.013368553638920222,0.0344570162218928,0.0009667401079229233
2021-04-06,0.006317715485899301,0.0420162781855122,-0.004159490141996229
2021-04-07,-0.033903312643388084,-0.03369129362712636,-0.010012227622396147
2021-04-08,0.0015936329702117774,0.020275236425164586,0.009373021495024865
2021-04-09,-7.140925581802099e-05,-0.007468781068029609,0.005499850216494754
2021-04-12,-0.02760495033980023,0.0011200336883461707,-0.007124734690838497
2021-04-13,0.0021395002125479726,0.0005029769360356971,0.009380840312430389
2021-04-14,0.007320205423477491,-0.01184792022084838,-0.008056632186273862
2021-04-15,-0.004609372873667318,-0.007598518810610003,-0.0021302267453981285
2021-04-16,-0.014286961861533868,-0.022337942859238027,-0.010909988991346422
2021-04-19,0.0060036299034564415,0.027996224829120862,0.011498105559101406
2021-04-20,0.027223141349325714,0.029864392090844433,-0.01659862264166905
2021-04-21,0.012974726355599738,0.011170337179061142,-0.0008955126804984606
2021-04-22,0.004531203692668898,0.02618644875660975,0.010201589936474766
2021-04-23,-0.0011205838006216014,-0.03590352619853162,0.008901159900147096
2021-04-26,0.010684531185528449,-0.012348359823646543,-0.006524335098025739
2021-04-27,0.019118767031313686,0.012799857633677556,0.015573940778233476
2021-04-28,-0.0027831346823144506,-0.018013608039517376,-0.008190960321106137
2021-04-29,0.01589533434798552,0.0169454289137703,0.01630480505390504
2021-04-30,0.003921029042294014,0.025966705901259955,-0.0010800143704469021
2021-05-03,-0.008207773121572769,-0.015030901168141363,-0.010833583423708895
2021-05-04,-0.0006100542998595095,-0.02211937612740145,-0.00572889670581254
2021-05-05,0.021873461142281638,0.006577078204003606,-0.004544894202579191
2021-05-06,0.006929604857985063,0.0038493026413676827,0.004278284205617768
2021-05-07,-0.025206949715164545,-0.008305640257833804,-0.009276110173191639
2021-05-10,-0.0011964416827170894,-0.0067490596145627895,0.005894505715757422
2021-05-11,0.023874889004986258,0.0155637694326103,0.013226073872455973
2021-05-12,-0.011186763961917558,-0.0071348789143036925,-0.0020890451589884508
2021-05-13,-0.012918718587399024,-0.024948862028283277,-0.0014676139953397002
2021-05-14,-0.018050878812738775,0.002979669561616213,-0.009075229405287965
2021-05-17,-0.010781561784832153,-0.010282679062678532,-0.0039767083255797635
2021-05-18,-0.017660237825856597,0.009988316522640477,0.0005085370990721308
2021-05-19,0.01762669968225978,0.024272224895163643,0.0042070092767859425
2021-05-20,0.0015733636361986477,0.007148217620720425,0.007881940281114826
2021-05-21,-0.010910562762292053,-0.012982907685546038,-0.005089161050650913
2021-05-24,-0.009277444105246384,0.02537400258983141,0.004340529823971606
2021-05-25,0.0020673585514537586,0.02577137143593339,0.00307185134280442
2021-05-26,0.02060201540065997,0.023440208093237866,-0.0017345397791808433
2021-05-27,0.00823332090298412,0.02500383107376038,-0.006862466610061898
2021-05-28,0.009726655515568085,-0.0112046649151014,0.011542354747214403
2021-05-31,-0.009201923464623566,-0.005326497998265853,-0.005682628350870255
2021-06-01,-0.0016923985955704466,-0.0008058042301846741,0.0007289247886945983
2021-06-02,0.033627423875768774,0.01401897440956824,-0.001236856538302244
2021-06-03,0.012545407403610957,-0.0005650652774116978,-0.0028214076109446106
2021-06-04,-0.02061653871059306,-0.011616130566367285,-0.015387208094941339
2021-06-07,0.03677710535937305,0.0407733233270797,-0.0004445288451254129
2021-06-08,0.013297633584492596,0.011217817213613665,0.0075983665678174845
2021-06-09,-0.006173568818902687,-0.021563785752129392,0.007453208739033537
2021-06-10,0.0016096453729501766,0.01208217135162106,0.00680218185536369
2021-06-11,0.005452023904750645,-0.017982517445077444,-0.004926609280822982
2021-06-14,0.00010835419844512016,0.029525746044927536,-0.007222477793602497
2021-06-15,-0.009595524223931423,0.010196100121798488,-0.006916375361986634
2021-06-16,0.006392093534230474,-0.015743779340451392,-0.0029002232405283906
2021-06-17,-0.015009032881816244,-0.002514798971987204,-0.01307246051251522
2021-06-18,-0.0040883200498081935,0.0029587394776749783,-0.010260789128194397
2021-06-21,-0.012087951604080594,0.002188278267368962,-0.00441335898081308
2021-06-22,0.003913380306634972,0.0018266656506959618,0.008526046474630717
2021-06-23,-0.00908865513852643,0.0027012651841055884,0.005816122433768376
2021-06-24,-0.010537958310770899,0.0030612994035667004,-0.003249840297597363
2021-06-25,-0.015188589830642231,0.02677427884539995,-0.018119581829503933
2021-06-28,0.004946724524272472,0.0109607045239683,-0.014887731226218346
2021-06-29,0.01197763132333957,0.005925764696366961,-0.007713591029320584
2021-06-30,-0.02351129295896941,0.008223609340225847,-0.0054250118723670904
2021-07-01,-0.011169710129041636,0.020785461603480444,0.004791117259592621
2021-07-02,0.00445134725362026,-0.011687003061355537,0.005078035375106833
2021-07-05,-0.00791975507184831,-0.002237269492212996,0.0006298905473771057
2021-07-06,-0.004268543265336463,0.007085522138950702,-0.00470544172358396
2021-07-07,0.010684291623692783,0.02712866994412202,0.006310213101640049
2021-07-08,0.006039913721513159,-0.003352525217450153,-0.001132931555039396
2021-07-09,-0.006147852704078171,0.0025441683786159115,0.01617784595822351
2021-07-12,0.03493825201479192,0.016104470511484007,0.004957888512829098
2021-07-13,0.004397026654968758,0.007514347565899722,0.006473220859524076
2021-07-14,-0.0018313163058727056,0.002331981583122932,0.012496712228655936
2021-07-15,-0.021985771321655204,-0.049363417463827504,0.0008340924193017226
2021-07-16,0.018035832522515883,-0.004801647853397378,0.0058139159239471655
2021-07-19,-0.005167566796150376,-0.0036238381621779728,-0.029082218618377075
2021-07-20,-0.013256135864007165,-0.04638579265969141,0.0063677689347113545
2021-07-21,-0.005865783727537444,0.02825429394257471,-0.007127453511893879
2021-07-22,0.006427429788593721,-0.004025035036734579,0.0024109775844121445
2021-07-23,-0.009004837456991077,-0.024089435179791115,0.0005419424787323387
2021-07-26,-0.018034940707071664,-0.01646215969079551,-0.002813786323455288
2021-07-27,-0.006095546944383808,0.016956323201071016,0.011069873150404206
2021-07-28,-0.00887250990088428,-0.020962690556762156,0.010413785795387305
2021-07-29,0.013114247689172373,-0.01282776443277764,-0.0028760574754702227
2021-07-30,0.009060266501223525,0.002085107612013519,-0.007062041611862663
2021-08-02,-0.0076510645566936,0.021549362729445368,0.0018428873895570698
2021-08-03,0.005608959417053631,0.009510019562621165,0.006416704785426976
2021-08-04,0.0017217092008645135,0.004737715736381917,0.001312622148118019
2021-08-05,0.013371224980133474,-0.013999236263126862,-0.005143627060930892
2021-08-06,-0.016915514437069703,0.007140673443936367,0.006789390090189087
2021-08-09,0.020429817154160434,0.035430835182843116,0.001268898044515627
2021-08-10,0.010894006101495157,0.009216646975270314,0.00862072623072531
2021-08-11,0.01282176686733279,0.017669023258837437,0.0064027345431871465
2021-08-12,-0.009441392323287473,0.02401524116655877,0.0020869422255969995
2021-08-13,0.0009266363169867962,-0.014406446087460001,-0.00440996580143056
2021-08-16,0.022105648665779826,-0.03909126532722729,0.012516017253897251
2021-08-17,-0.00950950785959115,-0.00433204352585191,-0.01210427893417431
2021-08-18,0.007209696914429766,-0.043448339570220484,0.002698329362537088
2021-08-19,-0.00024529118555184024,0.01906098533565301,-0.008047128933914594
2021-08-20,-0.009606303584467697,0.007327786301314077,-0.012065515930749704
2021-08-23,-0.007129879445166186,-0.015332621236264877,-0.010377328684712155
2021-08-24,0.025485553672844153,0.018601960501164312,-0.002262964702381347
2021-08-25,0.00980563206574924,0.00025148376949546885,0.008569399945271698
2021-08-26,0.0041054192944687765,-0.005177640025703208,-0.008294791056570628
2021-08-27,0.012674618990928576,0.01712279235972695,-0.02565497244659506
2021-08-30,0.003781358787485146,0.010954444915392185,-0.0007903991980893079
2021-08-31,0.002804681332197319,0.003933271371868902,0.0028323790187105473
2021-09-01,-0.01602300266539289,-0.02916230006032586,0.00335550132600069
2021-09-02,0.008296729021631484,0.01223907212640119,0.0047535737102655075
2021-09-03,-0.009341043711718556,0.01496551214067199,-0.018920387309155927
2021-09-06,-0.0032579008349849165,-0.0062290618235170785,-0.0040048429369576345
2021-09-07,0.005775945324652412,0.015051678144187997,0.006496354401527029
2021-09-08,-0.016283713342672666,-0.03363267859893739,-0.006612126722038811
2021-09-09,0.0014025273583853385,-0.00815677125243111,0.023887056886397508
2021-09-10,-0.018866236248179246,-0.0013240491291255788,-0.007632377405441358
2021-09-13,-0.0046261247012375755,0.029623863507071618,0.01408561286918084
2021-09-14,-0.008025192800209127,0.012834415958059162,0.009449974475445384
2021-09-15,-0.0115582803623979,0.00600084620562665,-0.004697398820250219
2021-09-16,0.004409796657618677,0.03284209467208113,0.0012611065045415567
2021-09-17,0.030350000694146586,0.04661936375755971,0.011455483775747892
2021-09-20,-0.012702303554408347,-0.012679894820370689,-0.00016248186546549494
2021-09-21,0.00023650509833899615,0.025045621343365788,-0.0006466992850795368
2021-09-22,-0.00461771396035637,0.0013309585290162606,0.011589712673714303
2021-09-23,0.006180759177959702,0.004076320500378633,0.005573235149470121
2021-09-24,0.008996990095768756,-0.005242766025640199,-0.013666363329841176
2021-09-27,0.017420377996072236,0.005605863937652274,0.003541389786890019
2021-09-28,0.009093837565679753,-0.016714773398207386,-0.02612879689062669
2021-09-29,0.008480355703501412,0.029319975395428723,-0.005508490676570905
2021-09-30,0.0031935466211274284,0.011431652710650407,-0.007812993299318578
2021-10-01,-0.019276226103792184,0.0252856014318793,0.010112716138731753
2021-10-04,-0.0036895463015684878,-0.030428184468358075,-0.0004736076488587053
2021-10-05,0.036128318766136445,0.005137117522267863,0.004435425225403084
2021-10-06,-0.006741508078141903,-0.028611781357269262,-0.01021766685126016
2021-10-07,0.006104407912208131,0.018748652406501864,-0.005287650821644059
2021-10-08,0.02101492447769075,0.025636286570096038,-0.002749845065796295
2021-10-11,-0.00894538010774398,-0.0124921142231564,-0.0015175013380969023
2021-10-12,-0.004116026466453234,0.0009609276529164862,-0.0028973574257135613
2021-10-13,0.025980938529183224,-0.015149154892187,-0.0018250554023212288
2021-10-14,0.007585230629030938,0.01611520989256985,-0.010996703228833555
2021-10-15,-0.0021103152308490553,0.0352585759660422,-0.004116733679293168
2021-10-18,0.012117428519886909,0.010288311475764398,-0.010712333654132206
2021-10-19,0.015183147251645683,0.014557509317474054,0.012254165971111878
2021-10-20,0.02512010612425398,0.027221921742108395,0.002206780673808568
2021-10-21,0.014904503982860754,0.01997449983097493,0.013196325804968234
2021-10-22,0.03405872416805114,0.045234511954351735,0.0049771358206515855
2021-10-25,-0.0019158179615350948,0.015035910060514673,0.008329161893579006
2021-10-26,-0.010580822801056653,-0.02294485598462009,0.00424354992255733
2021-10-27,-0.01591900283019452,-0.03846740823410146,-0.0151156229396461
2021-10-28,0.0032351849126010467,-0.010774073457506238,-0.0006048367086601339
2021-10-29,0.024415266690323015,-0.004753942509588768,0.006499035612164929
2021-11-01,-0.02016152376764614,0.034929660680834085,-0.0030374342654027617
2021-11-02,-0.02472332286942771,-0.015000756929570895,-0.003949124097934618
2021-11-03,0.006505552710643907,0.008695054488398331,-0.004783207461328893
2021-11-04,0.010995900605352747,-0.001923320013155907,-0.0014478242906359393
2021-11-05,-0.006846614214294553,0.021694770388379105,0.00640873695271899
2021-11-08,0.018821361860405027,0.014636267698607723,-0.006781373691222485
2021-11-09,0.014183789230457189,0.04668696326078089,0.004208121479849775
2021-11-10,-0.0028206529465124993,-0.022320454322230183,0.0028076736385976115
2021-11-11,0.03370160967520469,0.04707329001902192,-0.005280327045596395
2021-11-12,0.021145982739436048,0.007030007758925642,0.017374133967522472
2021-11-15,0.004537714135434092,0.025484287697602928,0.007379218256659336
2021-11-16,0.003740447350646163,0.005716962053426471,-0.010891837138696925
2021-11-17,0.004901591824982476,-0.012003474971525591,-0.0059643769432824265
2021-11-18,0.03962127521864244,0.031271253358477205,0.0060977629730075535
2021-11-19,-0.009111057576922372,-0.0017041139434218143,-0.011663767948560413
2021-11-22,-0.014143219664960328,-0.014124974407522323,0.002462416747897195
2021-11-23,-0.012909094930192948,-0.010292059176846401,-0.002093126096644595
2021-11-24,0.006420916643899223,-0.01957198435162247,0.0006173690072535556
2021-11-25,-0.011465088034453529,0.007203728821942663,0.00232121735590613
2021-11-26,-0.01225470505397968,0.006825868618598692,-0.009360524271140959
2021-11-29,-0.0016811588546078787,0.006751712567474056,-0.008830422210826548
2021-11-30,0.01817540085176877,0.032410029825290426,0.0004435732883961474
2021-12-01,-0.011956569851448951,-0.014857949087714664,0.004230296420519757
2021-12-02,0.012792456287827682,0.023007209630581116,0.010554840110908709
2021-12-03,-0.006049173579114448,-0.011678170514288638,-0.010946316922230359
2021-12-06,-0.012823879320112011,-0.03015850317649046,-0.015490923115690737
2021-12-07,0.008118578131722886,0.003303465617200651,-0.004402295031969498
2021-12-08,0.005551751580310423,-0.01138219903386568,0.0023202127449883266
2021-12-09,-0.008492865233715898,-0.017881190491153654,-0.007132677558075807
2021-12-10,-0.008535201812241397,-0.03256748720295603,-0.00032490524723497057
2021-12-13,0.009442038977389227,0.041923779483244904,-0.01590819911494898
2021-12-14,-0.0009107499777145213,0.0022699526993872755,0.0035079581168575725
2021-12-15,-0.01947050619654784,-0.011459969474015865,-0.020759649236805008
2021-12-16,0.01241436633201279,0.016411562938239116,0.006652420638179261
2021-12-17,0.0019101919535978692,0.024972143016460932,0.0027960928373784075
2021-12-20,0.012541808418268316,-0.006039316349050727,-0.0029410250930458084
2021-12-21,-0.011972027821272163,0.009665490751934347,0.005992894495219084
2021-12-22,-0.007732767513661578,-0.02057919315411638,0.007914749507518146
2021-12-23,-0.004055644501432792,-0.032131564279595286,0.01748670095482726
2021-12-24,-0.005177104449571121,0.01957144034697177,0.009574036138013378
2021-12-27,-0.011365748791849631,0.017955863649395346,-0.01028845030637376
2021-12-28,-0.0163308915127894,-0.016041908692657657,0.0022564328818759725
2021-12-29,-0.01720489471494774,0.0021193932779385357,-0.0024124994505897546
2021-12-30,-0.0001452888008198115,0.0024677633778494804,-0.014588411861403807
2021-12-31,-0.016425126136743132,-0.026521186866483193,-0.025348242271054047
2022-01-03,-0.015908804363287107,-0.01242856359962912,0.006479401572528458
2022-01-04,-0.0008476678837379922,0.0029923113943052166,0.005452340674742215
2022-01-05,-0.0033854307241535757,-0.0016575630846549462,0.00975016023925822
2022-01-06,0.013243276666015423,0.01515676053681824,0.007282576080897228
2022-01-07,0.023533022939469583,0.025962716309879123,0.015565589982559112
2022-01-10,-0.01445568291047385,-0.027370672726405424,-0.015009441869261366
2022-01-11,-0.03553202712532546,-0.053617151493842,-0.018637617050626984
2022-01-12,-0.010504780726037489,-0.007631652395490832,0.0005507671493543813
2022-01-13,-0.0020292541938532454,0.03473305387662017,-0.00853381636031683
2022-01-14,-0.010420741678829396,-0.011614568710999197,0.00876709543744709
2022-01-17,0.007806187429230795,0.0040424539941834765,-0.006225929678672057
2022-01-18,0.004852245634108374,0.03461797128624656,-0.008268241059132896
2022-01-19,-0.02754757308693508,-0.030977676994227148,-0.017820469462041327
2022-01-20,-0.021022824888282787,-0.021998444883124794,-0.0009341568792404909
2022-01-21,0.010320615487125984,0.04982024195246367,0.00612659056887555
2022-01-24,0.01785554473085008,0.032296990819608955,0.00545899683172307
2022-01-25,0.0004641225188021372,0.01323417550712579,0.006514172752205679
2022-01-26,0.007785305385490215,-0.0032052984931751735,0.01127858165968266
2022-01-27,-0.018757103230539997,-0.026691203631353175,-0.0039967824340092105
2022-01-28,0.01876365733174794,0.01721826534031504,-0.0007620711132035732
2022-01-31,-0.007533607670787621,-0.00987420583816594,-0.004054480085415281
2022-02-01,-0.0067349093621741464,-0.0002376209122770265,-0.00940508110280832
2022-02-02,-0.0012869763233844325,0.015861879793078376,0.004747837847553567
2022-02-03,-0.00448301135922907,0.011703923846660934,0.005722603603427121
2022-02-04,-0.016170213116708597,-0.010281803094779194,0.019055193708258266
2022-02-07,0.025034117345724763,0.012589537365670629,0.011758208496596085
2022-02-08,-0.016001050604969196,-0.016223081548977714,0.006394639922997293
2022-02-09,0.016528407832788184,0.01576811400152413,0.008140137539323154
2022-02-10,-0.014237001789882433,-0.01366178997120543,-0.0005971010567823809
2022-02-11,0.005057250123383025,0.01770888815139995,-0.0016992488467083894
2022-02-14,0.0054877728692349585,0.014426733380839355,-0.011166842915392305
2022-02-15,0.005916516909238582,-0.00282452034976213,0.031204621734690935
2022-02-16,-0.0003848403684219444,0.02115735236282207,0.001807046392405601
2022-02-17,-0.008947008585890804,-0.0032785771909982237,-0.026683196772754443
2022-02-18,0.006127565494106487,-0.010507630724771209,0.01749212469790708
2022-02-21,0.014690923553414365,-0.006581753362604038,0.004597108302348465
2022-02-22,0.008514989359857452,0.02891139077318114,0.011976011676650042
2022-02-23,-0.00658142075927912,0.001250056310533953,-0.002167372247438927
2022-02-24,-0.002458485226690877,-0.006331338011974753,0.0025044972465578554
2022-02-25,0.006869116842543141,-0.012177173620413465,0.0049015113265848745
2022-02-28,0.0032572681846775326,0.002036986435513849,0.007168431379631651
2022-03-01,0.022001887091201457,0.029084965025362917,0.024085714877664893
2022-03-02,0.008725593460096309,-0.003524660557112609,-0.0037141450764128906
2022-03-03,-0.014895214192647409,-0.007700676980425843,-0.0035949266896893105
2022-03-04,-0.008882284693290665,-0.00691099853593783,-0.014264856088835603
2022-03-07,-0.0008215677616674254,0.010083572130667066,-0.004219015501648485
2022-03-08,0.02221462138280989,0.01589328143832423,0.005152051141828412
2022-03-09,-0.017682714215241837,0.00044596724321963727,-0.013017387292729339
2022-03-10,-0.024146337933269972,-0.025266447735969238,-0.005103226374109907
2022-03-11,-0.02441792462781576,-0.038739487721899966,0.008014862787912679
2022-03-14,0.004258132779293567,0.020434968708953522,-0.00022126893858698078
2022-03-15,0.014966056930426802,0.008263518289840835,-0.012502998442417097
2022-03-16,0.02272204434867002,0.014243806669417287,0.009379816070285176
2022-03-17,0.018408702073513288,-0.01860476192930424,-0.009078760601944968
2022-03-18,0.050441831972962536,0.04806761862280716,0.0031557040645584064
2022-03-21,-0.007447532789355871,0.006463696960512992,-0.029340233661345468
2022-03-22,0.008563093380012436,-0.0005107027984925046,-0.005002394191178439
2022-03-23,0.020561270441055896,0.04942282504887111,0.024056631356555756
2022-03-24,0.023136057488883168,0.030537722225690744,0.009890918236138382
2022-03-25,0.027007070322370826,0.03153137937132921,0.010438930828190321
2022-03-28,0.014178137873226332,-0.002929078780475397,0.006036865255945771
2022-03-29,0.013441096042571214,-0.03737564325284894,0.009887766796935732
2022-03-30,-0.014658721458890248,-0.0036281201052480593,0.009858299540947017
2022-03-31,0.007045090931629284,0.027121166489269755,0.0004969844694750085
2022-04-01,-0.007999998138220141,0.008313750120996157,0.00522309997060944
2022-04-04,-0.02192165475471702,0.01858918052529712,0.0018414800664159738
2022-04-05,-0.02603847399111951,-0.02911151067858043,0.00531761317635298
2022-04-06,-0.0012163573165199302,0.015540675210724036,-0.010742924232671699
2022-04-07,-0.0039447644247121065,-0.03792765004531276,0.008034219399955212
2022-04-08,0.021441578618097045,0.015128852523637645,-0.0033065753018481467
2022-04-11,-0.00887431982309462,-0.008976083391460166,-0.00863616376087168
2022-04-12,-0.00901506713678222,0.020597921957611936,-0.022633622816274564
2022-04-13,-0.011661945917953255,0.009573571963003997,0.003117540841084946
2022-04-14,-0.02070862921659678,-0.014705645760480215,-0.02249231977679808
2022-04-15,0.02378382984081843,-0.007009649860566623,0.0020789354707524414
2022-04-18,-0.01736635284425549,-0.0007202637558057084,-0.016099046514900302
2022-04-19,-0.008265579535146034,-0.006950232696934325,0.0021308410818192585
2022-04-20,-0.000777342548338287,-0.0014063253451641012,-0.0006877188507557865
2022-04-21,-0.016048822277604156,-0.024575382445562774,0.0037517476983076558
2022-04-22,0.007544212575465957,0.005135895835095498,-0.008361144853389879
2022-04-25,0.015540318089316682,0.0439480823899317,0.004089541060616364
2022-04-26,0.013027995527738112,0.007202543587556202,-0.0036331103259613666
2022-04-27,-0.0032665912019631564,0.03650480122241515,0.0025987839089577766
2022-04-28,0.013202675736499922,0.016674642530826067,-0.01051279926763533
2022-04-29,0.004637107319189376,0.019235970323625687,0.010992634691348138
2022-05-02,-0.0036942608184381514,0.030336798539249317,-0.004205533703711905
2022-05-03,-0.009379034348092905,0.0022739342552512915,0.0077693180339461765
2022-05-04,0.008553258766213299,0.039832022172993635,0.00012373894584482214
2022-05-05,0.012061008253744872,0.017506139967788013,0.0030126758965586275
2022-05-06,0.030053685019246653,-0.006145352423967826,0.0016736670023098517
2022-05-09,0.010472850095194206,0.004471384333539989,-0.004441316265432007
2022-05-10,0.006967293434082698,-0.004590168584978488,0.004556532610621133
2022-05-11,-0.00912828709210378,-0.010030366818614843,-0.006363839465178963
2022-05-12,-0.016099359957217278,-0.03660876239393652,0.005029049766318555
2022-05-13,0.0004968799107525984,0.01679934065788271,0.01018848732767871
2022-05-16,-0.009354336973180135,0.006670844361016795,-0.013967158195501688
2022-05-17,0.014771029383277113,-0.004417259498405704,0.010943985293045468
2022-05-18,0.007311007814334513,0.017100812390911883,0.0018267932535380388
2022-05-19,0.017107877412534417,0.034431589220905306,0.0004364917376340864
2022-05-20,-0.008128059035160605,0.010038358914950609,-0.0007162964618562206
2022-05-23,-0.009623832096836456,0.015263458726053374,0.013314247201691505
2022-05-24,-0.013609055537903467,0.01728634334836637,0.005189770705204476
2022-05-25,-0.020623480099740337,-0.020216945672713732,-0.01190959296494389
2022-05-26,0.0030912890910841304,0.006951126413135465,-0.013854656781022281
2022-05-27,0.033790306896074845,0.011306007791713344,0.005970421127848488
2022-05-30,0.014812922243455625,0.008142828039598819,-0.0001339616657890026
2022-05-31,-0.005292151542722839,0.021117594598024533,0.0011916066833996724
2022-06-01,0.011166756605671398,-0.007748517014942153,-4.559194090049973e-05
2022-06-02,-0.008250397605818938,-0.023809198341188127,-0.007817080914469558
2022-06-03,-0.0012382350909197896,-0.008118936819248614,0.0021326706586633328
2022-06-06,0.00733226673598462,0.01732287849783643,-0.0008715396307741563
2022-06-07,0.0034574540428889827,-0.018110789426641325,0.010303950456823004
2022-06-08,0.0001527289768117078,-0.017234960008497953,0.01299494896249787
2022-06-09,-0.007791521605716488,0.016078884682838128,-0.0032077390567109617
2022-06-10,-0.02252169455041943,-0.020697100215133175,-0.018003732797755766
2022-06-13,-0.00890204328022537,0.00457108631089863,0.0055498521631804285
2022-06-14,0.007060164352200302,-0.0035957563763269356,0.005465370319324968
2022-06-15,-0.012550065333747197,0.0002674276146275396,-0.012197467787512076
2022-06-16,0.013264888813113248,0.04382319896739381,-0.003717979966288664
2022-06-17,-0.02012813812666854,0.002700816238579437,0.009132134917512538
2022-06-20,-0.014438694038185127,-0.016986983592114663,-0.02388052620708912
2022-06-21,0.02285022702888135,0.030660400291965643,-0.005968440056678729
2022-06-22,0.007429159934195066,0.0049606003766602645,0.006023620470844151
2022-06-23,-0.021260132482896047,-0.0048451671277687566,-0.0021012196856772655
2022-06-24,0.0005371913989805137,-0.015831111794909286,0.009056405236249832
2022-06-27,-0.012789056304924417,0.039765831451038555,-0.004562461090007416
2022-06-28,-0.019240442003697206,-0.025137613030066182,-0.014489921361526941
2022-06-29,0.006976823563356344,-0.006734333875866003,0.010151632910989594
2022-06-30,0.009274416252940332,0.02669324541558965,-0.004232298183992433
2022-07-01,0.005649282061759587,-0.013686304699961535,-0.00624928201989611
2022-07-04,0.011676739443350766,0.015796721754520297,0.0009685870401625607
2022-07-05,0.0011712355651099058,0.019380974746132613,0.0048500193802375555
2022-07-06,0.005315192829693234,0.008774165848257813,-0.006731119440200562
2022-07-07,-0.011057973958224923,-0.006787847300835056,-0.0017558663085327276
2022-07-08,-0.0019918871911664563,6.429870949054586e-05,-0.009684539848109703
2022-07-11,-0.0053163160717203785,0.005436518319039591,0.007342122076044669
2022-07-12,0.011666028568504391,0.01471710441380128,0.015522351693711457
2022-07-13,0.002533569770873275,-0.015128543912561777,-0.0009086539174570303
2022-07-14,0.006364426106414771,-0.010575801970263627,-0.01332326415124221
2022-07-15,-0.0018905178313800182,0.012918532780516991,-0.020657020660411356
2022-07-18,0.007266769073785543,-0.0011266325265792446,-0.0038913827445041893
2022-07-19,0.0008573449263926864,-0.011920527849268305,0.0020031507510019876
2022-07-20,0.005504982792008797,0.007851206725122309,0.019494210012164233
2022-07-21,0.030726437457177933,0.03571917296444573,-0.0017260286189392194
2022-07-22,0.003642114839317365,-0.021134617195173625,-0.0012146777008526929
2022-07-25,0.0038013146804488267,0.009084735119925382,0.0022167978882246713
2022-07-26,0.01888425735788,-0.0025308831553819155,-0.008057495847676828
2022-07-27,0.012444152837111465,0.00657151929624821,0.0017328800068922812
2022-07-28,-0.0036006518802624943,0.00744113052475787,0.007790880029004461
2022-07-29,-0.015205281019088777,-0.006476650710556173,-0.017089937272341923
2022-08-01,-0.00028138231482668165,0.009745139947456098,0.008516542361550868
2022-08-02,0.007937339185191399,-0.0032062973858140442,0.022357380105622108
2022-08-03,0.00655767060694132,0.016900032604584038,0.012063296856611212
2022-08-04,0.0031309648782562012,-0.006174379040628378,-0.002825082742872664
2022-08-05,0.004041474269186504,0.0104734731405419,0.01117492563739022
2022-08-08,0.0024863606128410834,0.022344187462044016,0.017942491734864154
2022-08-09,0.0010053009283502465,0.00359137803187774,0.008465689027344845
2022-08-10,-0.0058209763476575705,-0.010111153820806127,-0.0036600658534035983
2022-08-11,-0.018514857241685456,-0.02494674328845141,-0.0192546465817774
2022-08-12,0.005657759871037648,-0.0285419816226622,-0.005377973463088245
2022-08-15,-0.003965627324773548,-0.01891177476708488,-0.001131032443650011
2022-08-16,0.01480641724508501,-0.01170718656628356,0.014685100404579696
2022-08-17,0.0019291277973323873,-0.014900979672317953,-0.003761760576015637
2022-08-18,0.004831138888313419,0.005845303649148521,-0.006812417242554937
2022-08-19,0.006902696808434259,-0.016934644908991943,0.0034576645115403327
2022-08-22,-0.005436992866865491,0.020306587968050422,0.013196231098681515
2022-08-23,-0.0011286075500213319,0.016360034226993374,-0.0160271184120923
2022-08-24,0.012222167821323517,0.0027834288055275293,0.017918076315544908
2022-08-25,-0.01545057004654227,-0.007589526442462836,0.003230758567124062
2022-08-26,0.0004365043676395922,0.0010779597798393303,0.02276570456508888
2022-08-29,-0.01771991092189586,0.011900937813419601,0.012108213249230521
2022-08-30,0.005604105315002367,0.0022004061469984575,-0.013769120905491636
2022-08-31,0.002638194868933889,-0.02092818061173017,0.005804298984918647
2022-09-01,-0.018679552375898714,-0.01943712190244791,0.008312132303819872
2022-09-02,0.016026739770304048,-0.026641886549444438,-0.007853921918053642
2022-09-05,0.019231140368011657,0.01815898873653669,0.01125360554977187
2022-09-06,0.006376001752118094,0.016167296844488924,0.011892786135265622
2022-09-07,-0.008288828947706378,-0.02503351362262268,0.0003430766402363705
2022-09-08,-0.011455747212789844,-0.009584010373747134,0.016482203432938578
2022-09-09,0.0048718746357208275,0.006163516518892194,0.0007066343604336389
2022-09-12,-0.02277071856555867,-0.028430454039156783,0.0027703105822869598
2022-09-13,0.00339686483349596,0.0005113335743171392,-0.01876357438470038
2022-09-14,0.0195443519635648,-0.009860764337140268,0.002429371604153827
2022-09-15,0.034505057388270144,0.05253918474022684,-0.000851486610148235
2022-09-16,0.01625765340265733,0.035019101125869694,-0.008593922927332374
2022-09-19,-0.009733597031595377,-0.021896407975322905,0.004405329022544211
2022-09-20,0.00704964460822824,0.011821929850826631,-0.0031408434224537295
2022-09-21,-0.02408722460718653,0.006607620194238939,-0.01024642412300485
2022-09-22,0.004510703260897152,-0.02807216439800368,0.012174441774327983
2022-09-23,-0.01827905277408207,0.006842554126873913,-0.0061433828581635005
2022-09-26,0.010624683862292728,0.0430409273553984,-0.0006397054387742005
2022-09-27,0.012602847280112562,0.0010572758709672557,0.0021460501479212365
2022-09-28,0.010033478171979145,0.02716525371456205,-0.005452344943673585
2022-09-29,-0.022500249619473063,-0.012597546763417834,-0.01317265091100101
2022-09-30,-0.01793600331994998,-0.012067263360395469,-0.002554347803307193
2022-10-03,0.002876437252236202,0.001057577234110511,-0.01674819240599981
2022-10-04,-0.005981439421214074,0.003150445045158557,0.00022036501560139158
2022-10-05,0.01686779253365797,0.02647001657840077,0.011667501691177546
2022-10-06,-0.015061250994947182,-0.02409464693573594,-0.011515684973060308
2022-10-07,-0.015370839524715824,-0.011602123150575835,-0.014088663223411428
2022-10-10,-0.012892215490026008,0.013527746771757124,0.008533971163754286
2022-10-11,-0.02249742966198648,-0.007504033465326859,-0.03018669676419136
2022-10-12,0.00897532850802561,0.010866317782255728,0.009849280042256051
2022-10-13,-0.006308704185637282,-0.02874566764607669,-0.011393068032309583
2022-10-14,-0.012034789592357376,-0.001863319027640501,-0.013089474101601349
2022-10-17,0.008693508041347183,0.03596124307464273,-0.00511900313744321
2022-10-18,0.022785504685641254,0.002253388936990993,0.010040431865936663
2022-10-19,-0.006877518789324643,-0.006129007363120767,0.013768433778691148
2022-10-20,0.019589168419692958,0.014362600148874154,-0.0016590592315035466
2022-10-21,0.011206958526396117,-0.0002274315056301822,-0.009071447442040626
2022-10-24,0.0022650089475994566,0.008206761437784333,0.005567689122924828
2022-10-25,0.02359551764966276,-0.009102176630650159,0.02918155801901578
2022-10-26,0.02017218632034869,0.042630676544956454,0.010981715199459887
2022-10-27,0.02076256970323018,-0.015113266187573091,-0.019557688112537393
2022-10-28,0.021319690099355897,0.013701358150873191,0.020025936630976397
2022-10-31,-0.00029931726782204336,-0.05307432034693544,-0.009542591141166725
2022-11-01,-0.012830020188510963,-0.017822466322554194,-0.0017633814477657833
2022-11-02,-0.0030063310894891475,0.0016143808763682873,-0.006311855588644475
2022-11-03,-0.012992787006585564,-0.011419118387338317,-0.0021779610710975453
2022-11-04,-0.008431278839941913,-0.006177413714459195,-0.005766120597751342
2022-11-07,-0.024768502755315197,-0.01302893613321241,-0.015777132772293895
2022-11-08,0.005590166424560939,0.026681628545124007,0.02794737142330975
2022-11-09,0.018946736796655875,0.01846870251785728,0.020842818866018194
2022-11-10,0.007230670508182636,0.04882490186980185,-0.0004252089698982526
2022-11-11,0.007562473667614441,0.01883126905288925,0.015713527929030153
2022-11-14,-0.010143869994158831,-0.011708312262890022,0.0025406755776558937
2022-11-15,-0.013292453303204407,0.00011426671955466061,-0.011329393442733218
2022-11-16,-0.005818784289204798,-0.00796840282423557,0.001548823462341285
2022-11-17,-0.03688782598743446,-0.002949727866926665,0.000514424486413575
2022-11-18,0.01776898444833159,0.03729051626052316,0.0063126945336798275
2022-11-21,0.005520375163895233,0.0020012545529696775,-0.0035258277447052567
2022-11-22,0.0055540515419880785,0.01525073541662184,0.003050977126409914
2022-11-23,0.012936298863685995,0.01162403244103501,-0.004287365498415019
2022-11-24,0.0019371890236184886,0.013497474174074492,0.00442478439101589
2022-11-25,0.0015187688900680204,0.0055405092443844475,0.01655048995414068
2022-11-28,0.02222303323472132,0.0022706875188792768,-0.004660967879137377
2022-11-29,-0.014898500839922611,-0.009452678945644825,0.015964375155243855
2022-11-30,-0.006697797038602626,0.015646276854666047,0.006906790105877837
2022-12-01,0.005695610147123159,-0.008864036401884563,-0.021643921933699628
2022-12-02,-0.004651174857269166,-0.006104079488421198,-0.0006931897187834352
2022-12-05,0.020562751382497975,0.009047201551625852,0.007364345469234395
2022-12-06,-0.011904960569325244,0.0139715516903175,-0.007858602414853377
2022-12-07,0.023221248730667998,0.015118734283107093,0.010608746340585605
2022-12-08,-0.0007398762093644921,0.014697449135980542,0.01319501177014313
2022-12-09,-0.00745226080431718,-0.00030050145422671885,0.01559368631949332
2022-12-12,0.00709200747774124,-0.010872687417059384,-0.0002465162037033501
2022-12-13,0.012462934650831977,0.004116072615147159,0.00399629668518566
2022-12-14,-0.003543992237567167,-0.005277516358527405,-0.0013151395288735564
2022-12-15,-0.01575657367569496,0.011600997925880258,0.005886347750706027
2022-12-16,-0.005979092662566843,0.019256524264500096,-0.00308502037252485
2022-12-19,0.01674484118870202,0.007610739519864485,0.012442060129218861
2022-12-20,-0.0049917864471061705,0.017683369000207456,0.0031096783987743476
2022-12-21,-0.0007186740020667995,0.021051998929590907,-0.018724746390334664
2022-12-22,-0.01738283602406697,-0.004686006460001562,-0.018842914635251534
2022-12-23,0.005974709045530024,-0.016900331001247132,-0.00860622805796352
2022-12-26,0.015008400825410531,0.008073742259726423,0.007333878248203168
2022-12-27,0.004487681500681802,0.009910515516975707,0.005094079563105087
2022-12-28,-0.0031043031789308186,0.02863542138922302,0.00787345887047547
2022-12-29,-0.00639343434901878,-0.037362013717049995,-0.0022801379184318863
2022-12-30,0.0037286547753675333,0.014718237265705711,0.010919932033614283
2023-01-02,-0.012812900101448196,-0.02269819791035772,0.00018304338601014247
2023-01-03,0.007524846048505431,0.03062985331533682,0.0155639482773579
2023-01-04,0.003122377092190939,0.002038268991900379,0.009973091340267899
2023-01-05,-0.004290142551943227,-0.015357197664586247,-0.006610150320786444
2023-01-06,0.010348562637008367,0.04889652510556771,-0.0024088305378169497
2023-01-09,-0.008213800801089926,-0.012972834566632273,0.008904513053897367
2023-01-10,-0.00770459729610639,0.03449313755877686,0.0005056780750793993
2023-01-11,-0.012343472546283969,-0.034375860690919746,-0.008444219897724136
2023-01-12,0.010195411790445174,-0.023967291332299002,-0.006831511581729202
2023-01-13,0.012670689889703365,0.002611501229721949,0.0071837264471457715
2023-01-16,0.008022537591571259,0.01760593267793328,-0.007065149103920582
2023-01-17,0.021624063425989774,0.026873355117901766,-0.006378108610412646
2023-01-18,-0.00910395075773126,0.008737490551385384,-9.641004224066624e-05
2023-01-19,0.006594045013094905,0.008724000196024395,-0.013797633058833986
2023-01-20,-0.0032261259780406123,-0.0010786176563808345,-0.009657139595530146
2023-01-23,-0.00037232020669055664,-0.010178289660849391,0.01704532566022177
2023-01-24,0.004235121316909369,-0.003677980631657305,-0.007955106304245542
2023-01-25,0.01970807435444536,0.008253254595795395,0.0024472331018679946
2023-01-26,-0.027918664696521413,-0.026736487469855928,-0.011247534982135654
2023-01-27,-0.0032807378517251563,0.008242942060897237,-0.005088384896244478
2023-01-30,0.004171764053311911,0.0037713811097686363,0.0004354256924562587
2023-01-31,0.012555163067667944,-0.031740014407747034,0.014547322468049186
2023-02-01,-0.011114824688581484,-0.0018801732163807932,-0.009847980159437083
2023-02-02,0.026098236345301975,0.02995473772346048,-0.006442707822300072
2023-02-03,-0.014648302315227391,-0.008254566907235195,-0.0016437002376152997
2023-02-06,-0.020236432691865792,0.00010968292933684793,-0.01606389763803586
2023-02-07,-0.0010743538704465411,-0.008470512097146889,0.008299892780329566
2023-02-08,-0.0035699895119321308,0.008604503403039733,0.01616138114978801
2023-02-09,0.007479247622661272,-0.007861721399056354,0.0009379387289982505
2023-02-10,0.017101952460672358,0.02732813096544953,0.01066960838599236
2023-02-13,-0.0148416926191735,-0.013295829020483011,-0.01212956093019684
2023-02-14,0.023231520803878827,0.03962366013655574,0.015028517712882647
2023-02-15,0.0030513981883983883,0.015670347187984154,-0.0018888837440663286
2023-02-16,-0.009577530901020178,-0.03432147795484645,0.010044710603938961
2023-02-17,-0.00647181332859949,0.006327347400701993,0.008230332932615322
2023-02-20,0.02540813137239763,0.028987828264110456,-0.004787113650985166
2023-02-21,0.0010895444769542736,-0.017833973426186908,-0.007300461935370071
2023-02-22,-0.009179611960779939,0.0017278133521243817,-0.014320023207304999
2023-02-23,-0.006879240962193583,0.012748701909567688,0.006478015415676036
2023-02-24,-0.01909858432701123,-0.03966668944694718,-0.005036599354714859
2023-02-27,-0.011316006426741224,-0.011807419119137685,0.0008341072231626958
2023-02-28,0.01650243135693773,0.03974442179382683,-0.011611429158319702
2023-03-01,0.028638256638664567,0.03237439585267005,0.0062559094964720905
2023-03-02,0.0007248452557815075,-0.037460721219745856,0.0020596806160216477
2023-03-03,0.005359771566309853,0.011484098832610557,-0.02335853787465037
2023-03-06,0.0050370937303945715,0.012219117408055985,-0.005659074064138253
2023-03-07,0.009911441075951778,0.019849145915422084,-0.0011529311559143362
2023-03-08,-0.017105099406086916,0.004611367424687294,0.011784833108911496
2023-03-09,-0.0035143881259430704,-0.009062830699817911,-0.008839050762596482
2023-03-10,0.0186220857466733,0.015206902691131894,0.002199338123020425
2023-03-13,0.005892559152349213,-0.002457749598737179,-0.0030929780593944734
2023-03-14,-0.01687443999278,0.005413105376920406,-0.01697684266707702
2023-03-15,0.0159194725943548,0.04015757782326695,-0.0006988775649806402
2023-03-16,-0.024170086804632306,-0.028451927130108537,-0.006541999486907921
2023-03-17,0.008649325044403914,-0.013940430033883257,0.00873559092375164
2023-03-20,0.016876755789771943,-0.02347517683107557,-0.008873884559307404
2023-03-21,0.0023846851486902334,0.014462304981556425,-0.0009554651366940901
2023-03-22,0.01899603770350098,0.00759100220298963,0.0005424905862644691
2023-03-23,0.013641605072506871,0.011132546582584677,-0.0030741190177627177
2023-03-24,-0.0020546659063551357,0.028545359550910115,-0.004416873209429312
2023-03-27,-0.002767299540695748,-0.021873354555613386,0.004449887688820729
2023-03-28,-0.005722770665789339,0.00234849728995415,-0.003829319631438896
2023-03-29,0.009992475065472042,0.025008801582041003,0.012030865811841063
2023-03-30,0.03608090335008396,0.0247297419500713,-0.009421801320737099
2023-03-31,-0.00032346683780267864,0.021987338978324864,-0.009275074859389654
2023-04-03,0.019613253120537227,0.001433677128518693,-0.002879051092925247
2023-04-04,0.003781415933620842,0.023265345459845668,-0.006085644015673323
2023-04-05,-0.007435517659964538,0.02148315262619879,-0.0023536857160856516
2023-04-06,0.0072225989742984754,-2.370365153613204e-06,0.014824766177865965
2023-04-07,0.02875336136384099,0.023953041742708514,0.014573886451740691
2023-04-10,-0.014448551904292114,-0.02154477697696082,0.001640261053776045
2023-04-11,0.01058195526769882,-0.016353805086711238,-0.0013729722345062923
2023-04-12,-0.001026255212719474,0.015610024259004198,0.011772851901139159
2023-04-13,-0.02654734249019536,-0.021365777894370525,-0.004216350967785644
2023-04-14,-0.003387557383002309,0.0037410791004474264,0.00350532872502962
2023-04-17,-0.009515023906887254,-0.037764548712364426,-0.0062043069059589916
2023-04-18,0.010370600270344537,0.010808438153472112,0.005921068249470856
2023-04-19,0.0026892089754383466,-0.028084642561091246,0.005387987367635862
2023-04-20,0.006619766161375799,-0.019046618462927364,0.01702536060811322
2023-04-21,-0.0004837928376271355,0.024902982761578003,-0.015618811398985482
2023-04-24,0.024957063528623463,0.031736719044381564,-0.004756522143953641
2023-04-25,-0.017382981509285165,-0.007523099111775901,0.00318758169329228
2023-04-26,-0.005549380294277095,-0.011988757289990461,0.003093642688549446
2023-04-27,-0.009856510101370423,0.03854435401953648,-0.012242818636531446
2023-04-28,-0.018810966196840334,0.00010218257034825282,-0.0012436454976298764
2023-05-01,-0.004859016818769283,-0.010512820454736074,0.001030882312049632
2023-05-02,0.007176830560102267,0.0018848333507171505,-0.010495713064570674
2023-05-03,-0.007869339925240363,-0.02018911318164407,0.003212211554262925
2023-05-04,-0.011395959305857321,0.024806623549461667,0.005859793954128818
2023-05-05,0.011421436114521132,0.031906530899823614,0.0009043862014291484
2023-05-08,0.0014559916022842396,-0.004772727199716137,0.0002571146085440549
2023-05-09,0.011510168463383917,0.030814143100640047,0.0012270292990235001
2023-05-10,-0.006125955895596967,-0.009201039025018683,0.009200024395112177
2023-05-11,-0.020128137607615896,-0.007614015514000408,-0.007318242535382883
2023-05-12,-0.013863335947213267,-0.003198943535911478,0.00952069482994369
2023-05-15,-0.000863013456357015,0.01820977264098335,-0.019940242704354034
2023-05-16,0.0016316561323235803,0.012965085828623803,-0.004401808148595552
2023-05-17,0.017299415586567064,0.04484137671404728,0.015303150789064487
2023-05-18,0.01459118040295004,0.010290843283380794,-0.001354815291862637
2023-05-19,0.01885317393181848,0.010361480873429993,0.014056710202668547
2023-05-22,0.01506541338932419,-0.02853324504239435,0.007902285389448574
2023-05-23,-0.003063122475566083,0.0010654707984014229,0.01332349213121679
2023-05-24,-0.014379217232725918,-0.013433302881802866,-0.013110014812664146
2023-05-25,0.0001902014282587751,-0.009145452986190357,0.005520229072058946
2023-05-26,-0.008808090823783872,-0.008725976124086923,0.0033795926475487788
2023-05-29,-0.010087561895533764,-0.007883630649904987,-0.016157806037114798
2023-05-30,-0.0008751037568990423,-0.002710240057021127,-0.014650260027423073
2023-05-31,-0.007600699582474335,-0.015873212545985015,0.012204983573842212
2023-06-01,0.006615189823141824,0.0003063856297271257,-0.011890639733487501
2023-06-02,-0.009892878510872257,-0.029454683629705436,0.007104200794230961
2023-06-05,0.0009673969725884825,0.005861343584095527,0.0033858405841483644
2023-06-06,-0.0071406102668232765,0.02047689788275084,0.016055283726597952
2023-06-07,-0.004665913608081317,-0.003085798985001998,-0.016071992607867056
2023-06-08,0.017949255271932408,0.021130497699566042,-0.003919029433584509
2023-06-09,0.0072027436616140025,0.022997325835150295,0.004975069290782251
2023-06-12,-0.017258329854857476,-0.019957054453185633,-0.01271840762390764
2023-06-13,-0.010743498833055663,-0.0031950412713004413,0.004323049794344999
2023-06-14,-0.005819992068210286,0.016566454918381456,-0.010707227683533367
2023-06-15,0.00804574882324741,0.03397619099837159,0.005769530550620975
2023-06-16,0.0032211027485587623,-0.0001558316665973931,-0.011750429052184996
2023-06-19,0.0028489528142665805,0.017834039787651707,0.002359650066503741
2023-06-20,-0.03324341932742349,-0.04353258652727161,-0.001050929657304783
2023-06-21,0.00789189744336629,0.02768584993918864,-0.01877239470350966
2023-06-22,0.018077124722735642,0.010641625056972094,0.006122649911774882
2023-06-23,-0.01958733929527949,-0.0190578238917153,0.003989676709132953
2023-06-26,0.008660531388212848,0.008151763895503017,0.01925495698161697
2023-06-27,-0.017073269214022305,0.01387223136179814,0.010628984660152196
2023-06-28,0.004104815487106945,0.02084976364177865,-0.003090892204763793
2023-06-29,-0.003617186777841438,-0.0196665186990947,0.0062486049591010265
2023-06-30,-0.0017554811436902916,0.008013228884171174,0.006877929756760992
2023-07-03,-0.03175975355689997,-0.02355774604652901,0.0013335112694445037
2023-07-04,0.0003233454132075857,-0.02142782322827164,-0.00563074232525619
2023-07-05,0.005532238719929299,-0.0034402338593865858,-0.004080663694214638
2023-07-06,-0.020621919160205653,-0.018624761907548183,0.008558070356795889
2023-07-07,0.007476150065855114,0.03570533966366412,-0.018478933708932378
2023-07-10,-0.012335869595443425,-0.008797346376971124,-0.012635012673382979
2023-07-11,0.011523422326979296,-0.02662359497228863,-0.0012399497679599736
2023-07-12,-0.007042139838797874,-0.028547133501726323,-0.0010668863761853081
2023-07-13,-0.0025133454212053607,0.03132231454563353,-0.0024243159967856807
2023-07-14,-0.004210639602028993,0.0012889000635300809,-0.011827194803093171
2023-07-17,0.013846559727233148,0.02465084269910428,0.010751291825179858
2023-07-18,0.001576034415355992,-0.016707810804296012,-0.0037926868090261486
2023-07-19,-0.026483122159495436,-0.02442315723147186,-0.003245776638421995
2023-07-20,-0.004586669430669181,0.014069710894945334,-0.009319385993772144
2023-07-21,0.004838909884073813,-0.015391425922996797,0.006215602452927442
2023-07-24,0.04244584036266234,0.05216348475352257,-0.007946838884921465
2023-07-25,-0.01603397823613458,-0.037529148535480325,-0.002460481971566617
2023-07-26,-0.010909670724925796,-0.01732067799109782,-0.005826223151410067
2023-07-27,0.00492134146780455,0.007408505930784811,0.0023441466777086046
2023-07-28,-0.034141090558464704,0.013925693014654551,-0.015521746231036254
2023-07-31,0.039359927194413086,0.017419599378423776,0.02270089583508652
2023-08-01,-0.006021584115990791,-0.019446266227428892,0.005681057713982412
2023-08-02,0.013546597797759626,0.014303573377381593,0.013198346268470867
2023-08-03,0.00259077486596138,-0.0063399777691583135,0.012260114779015549
2023-08-04,-0.013643120525185955,0.006750436733548713,0.0024838900958839573
2023-08-07,-0.029761825741762976,-0.021914042644140742,0.0014177602586602069
2023-08-08,0.0010232144293754702,-0.0073166537957579485,0.009565211675998284
2023-08-09,0.00960312675165998,0.019998669339459714,0.012995889854013653
2023-08-10,-0.0011564346938223963,-0.03221839471846678,-0.007695868308922494
2023-08-11,-0.0042325617495329124,-0.0021391323158066,-0.0007944359593877699
2023-08-14,-0.025622782642642988,-0.013298497848233596,-0.003968932366640064
2023-08-15,-0.017333024628302468,-0.002364843551142452,0.004769370346014344
2023-08-16,0.015321708250937658,0.010044362899890736,-0.020721115494721897
2023-08-17,-0.011839906936647897,-0.01988257020649113,-0.006525310687919158
2023-08-18,-0.03547323300408889,-0.016994137004609958,-0.004136731175959661
2023-08-21,-0.030152131807788557,-0.009200048667211067,-0.00867563099694066
2023-08-22,-0.0019349304607692206,0.012724711827250657,-0.014641592944059745
2023-08-23,0.009031215833249158,-0.02050193927435075,-0.006363107248517227
2023-08-24,0.008913444399643967,0.015797583083634395,0.0273481644008378
2023-08-25,0.004368534704474467,0.037893517517628116,-0.011752770680421602
2023-08-28,0.025699171881862593,0.014480864046901994,-0.001081907436185228
2023-08-29,-0.01992912834509467,-0.04538090677606222,0.005674458365225173
2023-08-30,-0.011082727837051023,-0.007212851734707525,-0.018266869633560598
2023-08-31,0.00200739655397929,-0.024714116414927254,0.007089258324777883
2023-09-01,0.0004974579897748597,-0.00025770816855445397,0.0027541530459416863
2023-09-04,0.013913052704742678,0.026619128642192767,0.004085627116685119
2023-09-05,-0.008915145345073882,0.05002464132908832,-0.009309263739786732
2023-09-06,0.002442025653037505,0.05266515195873589,-0.020344162781889965
2023-09-07,-0.002260965084677636,-0.0031565276708433072,0.00026340650520488134
2023-09-08,-0.01628702309744951,-0.03529626994356479,0.012056839524299425
2023-09-11,0.00369768891364187,-0.008353434801097738,0.01857025579206957
2023-09-12,-0.0167582151258443,-0.038685714339490945,-0.016627487174763932
2023-09-13,0.007875144901966833,-0.007257673909936901,0.020266090242026878
2023-09-14,-0.00283807844827957,-0.003220049031151559,0.01586712852893741
2023-09-15,0.002160679631141574,-0.006238907663808264,0.011100621399355958
2023-09-18,-0.015070826290171313,0.011031421243546091,0.019237002503944653
2023-09-19,-0.003898572668697551,0.017856422841254205,-0.005329497829650273
2023-09-20,0.0029692301625028235,-0.004481169489005038,-0.0018353880517298082
2023-09-21,0.01415951652725756,-0.019161588043092006,0.0035549020240053133
2023-09-22,0.017781831562760697,-0.00865928608657731,-0.002781646892433568
2023-09-25,0.005250257813623095,0.028136100916232264,-0.000822949908794205
2023-09-26,-0.022631955350055695,-0.008812960087508613,-0.015467266449251735
2023-09-27,-0.00037955904886127566,0.03086095700434154,-0.015640164226493395
2023-09-28,-0.006459728099901826,-0.014946367541259095,0.00013680467376265296
2023-09-29,-0.002728032857824999,-0.014024255461582626,0.004432437102462411
2023-10-02,-0.00147955896108276,-0.043098981598302714,-0.026415116921944246
2023-10-03,0.0029168542405889997,-0.016009415491769995,0.007552856074810771
2023-10-04,-0.004517631994460031,0.018319678447942363,-0.0024393756938807065
2023-10-05,0.00934061530975592,-0.019077311476901535,-0.014394304000684158
2023-10-06,0.007407547964350265,-0.012896590305779368,0.012037461952366308
2023-10-09,-0.02728675527755306,-0.04763684207350352,-0.02052647504235127
2023-10-10,0.010837222784298215,-0.026250398117345915,-0.004528850575976609
2023-10-11,0.0008079120634008534,-0.0015266785612153052,0.004956584018272848
2023-10-12,0.014214894255198084,-0.03817994160023498,0.0022483787022968167
2023-10-13,-0.0148137050940315,0.015522078095455825,0.0013533257933063224
2023-10-16,0.010948111840030295,0.0227105548036241,0.007869682553697433
2023-10-17,-0.011380180291544433,-0.026221580118579977,-0.007874973686388034
2023-10-18,0.01786146791856708,0.007691559275220297,0.003106152624810092
2023-10-19,0.002882089602619266,-0.004059969378398169,0.015158721533257724
2023-10-20,-0.021313425627372456,-0.015510247646352875,-0.01889423480215109
2023-10-23,0.0017503622479670038,-0.00967298150530713,0.004312345459102558
2023-10-24,0.0036531276900767873,-0.034188689493979234,0.002999174595163972
2023-10-25,0.006564396356931631,-0.008597514399976268,0.012419275015656706
2023-10-26,0.0032644761876075767,0.02670286726393169,-0.018902770416926912
2023-10-27,-0.0030873209835694973,0.0036949515757890776,-0.008579878119680811
2023-10-30,0.020159766501619603,0.030790171953065663,-0.009783016569499283
2023-10-31,0.006404667651194847,0.026345501741413924,0.005647728001402406
2023-11-01,0.007273993791033612,-0.003612431206608134,0.0023868672440102434
